0.07097233026963688,0.004833113347168488,0.14533519250908591,0.0015883039306879621
0.036059138580048805,0.018690484723641477,0.050485484392930845,0.022718213523647463
0.09062004893225221,0.016541223222810292,0.093125215036712,0.007497114026252192
0.022558921053375248,0.013147071027556502,0.23732146757617895,0.0018591625238816196
0.026445750939330163,0.005957328422080212,0.17220047787448306,0.0031056876670349665
0.02114978488988801,0.00459110328204145,0.11818045445027736,0.03656310055522673
0.058584454492527846,0.004783761750266253,0.12857715590948504,0.02067217402575342
0.032398552301708,0.011633723598761386,0.22667900527632928,0.016117835126017565
0.04813867032540768,0.008232472796250188,0.15935399090153618,0.03424198136731029
0.10584232010531527,0.008457416590759177,0.2217322041000515,0.0049736596050550495
0.11368953456242155,0.0021746301359878923,0.09563064953997828,0.013797011533558785
0.09382440759366537,0.01840656106901846,0.2292927096386826,0.008696000886786027
0.12106169843271364,0.015785151143822132,0.13725812417438743,0.028538331454703043
0.040006823701236684,0.003694659041544964,0.12957702644171562,0.002868249245964804
0.05889854482575159,0.013528587809311318,0.16144263112967727,0.035894185757363195
0.03957543572595291,0.009002974756753067,0.15715478620146883,0.03231187970260482
0.1277355137292482,0.017457375905743387,0.20541242500133933,0.027964320070936913
0.08124979230523223,0.006502831092492348,0.24874883813967014,0.02171616329947281
0.03747229414889235,0.0013193590263881354,0.07581363525556263,0.01109308287124134
0.02175860524703426,0.0014344975075751166,0.12179394251885456,0.03341512506530433
0.03564229959871819,0.012553774974648622,0.0701192519740997,0.03797710293847382
0.10874635158050906,0.006366005485977663,0.2126476263808294,0.027443259652745248
0.12009356500867387,0.019476273607175864,0.12202405778634057,0.039128648927713554
0.11002225604084633,0.018263982194896635,0.19187877865655706,0.027026607650936257
0.1291738126763651,0.004167298646944018,0.24035075615279733,0.014518201766286695
0.07244573656361115,0.009684233539013602,0.08231702997335569,0.0014686068088118295
0.12864141938151624,0.0072041374576925915,0.16176592066078338,0.03500882333488841
0.06456217932376268,0.01777439401419599,0.09638683023431664,0.03856425494573434
0.13448741029112166,0.015262971475231164,0.1312900035688997,0.03910745478275264
0.08916271833966283,0.009346113772338453,0.22714325087163362,0.02016697656380848
0.03211894119266849,0.004308993318957378,0.061012784524793535,0.007070238913700311
0.09962308669523558,0.017342498218683867,0.23685727529119766,0.0052535979562609554
0.08599868062230238,0.0037239216033737167,0.18580647181193682,0.03348558125959879
0.08998374608927699,0.007701225489614567,0.16861207284661575,0.013579928652573629
0.03268408077142161,0.019421240469789238,0.10623401086753653,0.0074282901087505205
0.06018557027125386,0.01620829482885855,0.23544135498988022,0.006358410887273485
0.11669467821480692,0.0066633201761069375,0.2177025367854989,0.038228046236573755
0.12506235515000086,0.01596405663609361,0.0551290821589517,0.021437095001453278
0.07556814363176888,0.013414664538954353,0.19656757248891854,0.010586459199702313
0.09670269201587862,0.004363557389028586,0.2453132436461028,0.029041818802953225
0.1178502670807488,0.003366331393759349,0.13291946893571083,0.0010731567204250554
0.0564712822573014,0.010682235215948393,0.07856712615803454,0.03051853638113291
0.10125855181339392,0.01878701653573365,0.07683616596214625,0.0255085295273629
0.03557404272116023,0.001837318440818155,0.1567936648255841,0.005850364948113407
0.11825085218717037,0.019543084068598546,0.10234268058837231,0.005328146996517194
0.06579732967802861,0.00839099201048955,0.16768039907476054,0.0040856608771774085
0.043852023837549964,0.016807157840935547,0.22400325121823406,0.002746260110079204
0.04112126487520877,0.012228396421170556,0.19647860233623732,0.0051803805945591745
0.07771294533288521,0.002254044733351946,0.14112091779982122,0.012037190049450166
0.03847765318836006,0.019733648589377737,0.15787452006987346,0.007174372957881626
0.05388965391050636,0.002742092379752279,0.20745401966180704,0.0179647401273686
0.13232994471237697,0.01802312752557194,0.08511835224953312,0.01780497489272253
0.08865796255731087,0.008978634509350481,0.15268682384618495,0.03832334381275182
0.13526530393839817,0.00443934824869186,0.13587630250497468,0.012792087434521253
0.11337503937937997,0.0054749865764452494,0.23784019952249136,0.03998533270707109
0.11645939107935244,0.0071732798010921495,0.06795781373763211,0.036264015100046454
0.05765034628842673,0.00846182467193166,0.18786819855951953,0.03428496506891162
0.11226031575851682,0.01866453891104196,0.17814860489747308,0.029358811775720497
0.08630046886925638,0.00221370161436797,0.059519486770827544,0.023718957170859888
0.03864080919362835,0.018225547442030164,0.11598423565433318,0.00829493288566892
0.12604633191765613,0.005205093140447582,0.12492273493520312,0.013047324726802582
0.03293679739343515,0.007408051013840658,0.13798039759263828,0.02319711481308085
0.10974450862942858,0.015118533987198875,0.13827471169425842,0.030834309017676833
0.06085516457789454,0.004613747115853245,0.09028642309312031,0.030031938485499166
0.09530384071845119,0.011540183932556472,0.116763923268078,0.01562943313501395
0.06206543823023235,0.00974888846200506,0.11228542961742775,0.00482491763429497
0.09857386470025556,0.008884549252569242,0.1736560103613526,0.024211366815724344
0.021324424155484814,0.006559813832884241,0.10543548232318967,0.011886939356265027
0.11182450921073032,0.019297013196338298,0.1900153586836439,0.01282360706537337
0.030800400560255355,0.019973277181143518,0.18643463868841675,0.014076455910031448
0.07700040187346723,0.003758697425487282,0.22775016424521116,0.012536949868536526
0.12923026925620876,0.017669897989626544,0.16916778557151718,0.03954664144859238
0.12035189737849708,0.010366696139386629,0.14677925420499452,0.03372720839670194
0.10007448407099628,0.0035999891231694803,0.10194905440863429,0.013290087477318229
0.11693818233843903,0.00230342197062732,0.22050305474349607,0.00649559213720351
0.054099798398043256,0.0132237368133357,0.08851423903209393,0.014054677247113772
0.13849844114611257,0.007344242252731352,0.17419802554380154,0.0012387200949054377
0.04484776424666875,0.018831847118724473,0.15043404586402664,0.03990054776739042
0.025741920251179825,0.01979949964473803,0.09243782556895626,0.00368212038449145
0.10317952721224569,0.010604188582938538,0.21865324546918213,0.022895251192407078
0.06076365115944515,0.008056447152849918,0.16589714704967423,0.027264638272895887
0.0747301471148417,0.00401417237401951,0.15343614286745344,0.010360630820380485
0.037840113457151596,0.008801967828940438,0.14621686003355028,0.006693719006557252
0.06537824799961937,0.003532398355381412,0.05602787791094776,0.030922476043094213
0.034862625764721066,0.008724438253352645,0.1317235861995335,0.00923179099123991
0.04582789678925153,0.0026581761188215662,0.06227978991414099,0.03363742565843433
0.12383023351687726,0.011267254322298269,0.11429678665442103,0.0059369870915019825
0.06678342176120584,0.006248156392974745,0.15053423944732713,0.03179645933851187
0.09484204759057979,0.010756690434056835,0.19431285937141535,0.004486729276112272
0.04995874842879276,0.011768911958545038,0.1986010006710311,0.021518825227293654
0.058384867928727754,0.006090454567144532,0.10005692030365484,0.011518198875700526
0.031595859786253205,0.01603660668372365,0.09294713545928496,0.00988348060748763
0.028957387997164907,0.016697298100015207,0.24568405989345504,0.03247230863029262
0.13933328121084748,0.013347735053273396,0.17617898924686254,0.02987917880255023
0.022863592131895313,0.005927164779031281,0.11060379368019913,0.031813628145929786
0.041482521032535635,0.013983412639795169,0.09086866995311377,0.024128016073390452
0.06618772724916618,0.013050104841281718,0.07142648611128434,0.030291091388623518
0.13154271417649846,0.017243739173197003,0.18148642884819438,0.031633248305125344
0.040582081589957145,0.004664746914072324,0.11152195180181987,0.03443132332721386
0.1040550090880351,0.017411593285378908,0.08704397934201116,0.036758132821496425
0.03670098123116326,0.009425901321225508,0.22562712227619208,0.018897790488407222
0.09861418414215897,0.0016329032351864565,0.15137311602863207,0.0046332096586698
0.13589045888528686,0.01383533771315906,0.24395323351193143,0.008590011066615078
0.13668846551385813,0.0032456407694196926,0.23250199569997604,0.022497407727897743
0.08065548153765417,0.007869054306424452,0.1870478211492953,0.020784580311186674
0.04573521990415967,0.016532281816763583,0.10392268477708179,0.025995275650792536
0.02437700671241291,0.0045564684024805655,0.165108031906873,0.029501761889503438
0.13994479290763556,0.00606278899864726,0.1091656127514068,0.006831217804399325
0.09424825246978172,0.017059954530183833,0.19971343584092782,0.019293928212248727
0.07366656426084861,0.011814066640658781,0.1348616020629214,0.009731273216284985
0.09507649600889118,0.011557100730530855,0.2123087012628278,0.0015492996448485327
0.08472254937818514,0.007993144660316455,0.22108658557366428,0.0031534784782160305
0.11434078278475768,0.00860213168769615,0.16493005066872923,0.03946728841626758
0.07844599540834309,0.010851772500649975,0.19098336301507984,0.0029581909890778486
0.04741957148094267,0.014908673899747905,0.10426157501367968,0.029704763949530647
0.1156267264338723,0.0030736148063595283,0.1301954187720534,0.027831622744391937
0.12312740284054123,0.013920111413456466,0.14998667369392343,0.01586337766688301
0.07455404004982033,0.00641705792901538,0.08830746789709745,0.020902005576518987
0.10529000384887414,0.013278331775110695,0.12610753070164427,0.017164064977206166
0.13947336640371005,0.008116412096194011,0.21745323479784512,0.0353932270889311
0.1330548595497817,0.00410353890649739,0.20263068671386186,0.02499395605228709
0.023163430902034255,0.011486701107670902,0.24968700981757314,0.031348527237675894
0.09782999932435635,0.016096323066621867,0.2469191814578945,0.023977447395759306
0.04953878490212041,0.011332920792277525,0.13205563984155808,0.00764366580319601
0.025069587090991514,0.012174001303983276,0.171434126753839,0.009491025479966761
0.042482142509483574,0.01088435649021292,0.06911937751785491,0.01267799674497671
0.04270577635090705,0.001055707841638852,0.2306458391169201,0.016527191171274196
0.058086463397069174,0.014097319401576356,0.2161956545947391,0.026299315690219774
0.10368991911371828,0.01590685652932675,0.2043780884064696,0.02209073301577967
0.06856728327919605,0.004087471602962635,0.11323017888182925,0.003968881784928349
0.12219165294824688,0.01502313555122669,0.08925366061079279,0.008344543585126192
0.0921993190582813,0.010060515216336122,0.16955921368764526,0.030553736948473215
0.07819404636979996,0.018086633569544926,0.1683441090227727,0.03529604393169243
0.06300434006997473,0.005542810938663596,0.16266146312535068,0.0339750420538174
0.07652483110887953,0.005347221466838878,0.23405778348886724,0.020483413787704307
0.05441987130082525,0.014794004293636708,0.18432745394624017,0.027210958226271502
0.11052024530449242,0.015511202643453358,0.1846807587608667,0.016400483236838605
0.09805977858281074,0.011710657619676865,0.1404901554536097,0.013764715214265276
0.040101373315776435,0.00382166534196414,0.2419988862259994,0.016293823687361684
0.1094458597716082,0.01592360366987095,0.15615312538180087,0.028628333597835075
0.05295193474153327,0.010432970493936138,0.06014726029093827,0.011585003256819059
0.05553397453333267,0.0026909517110976435,0.1609849627624557,0.025365939457901665
0.10196914902109235,0.012145293809688599,0.07444051420015131,0.01488536000018828
0.10645631222752308,0.008190532666153195,0.17307797286408366,0.014784411182716964
0.08405585615804231,0.012821756577712676,0.17959430620626426,0.03894633714827093
0.030611418470229777,0.0021274966017980896,0.21315612006885631,0.032286218920907765
0.05475807220054073,0.006978889628195544,0.08614612191545298,0.015532669048982099
0.1355956388163832,0.010709127417570328,0.06630928235791612,0.019507083558555273
0.0487262386523413,0.012363711277041965,0.2315916115309486,0.013220615500735097
0.029486578988770225,0.007301756382076961,0.05411461661080482,0.002650407737101436
0.12756971828748673,0.007466797711896073,0.19264249080792123,0.03200001877789083
0.06640134303847178,0.00743001522835542,0.16349664607287695,0.02086525046049262
0.08271512346698562,0.017576759430960345,0.052671436945321115,0.03559621964612959
0.05214892057134696,0.0011286918376175758,0.20244258050515068,0.038434233959611055
0.02969926145172997,0.014186643038835031,0.2034754160153434,0.0069448749057825455
0.07173512405861504,0.0015015805671351403,0.23940494380884025,0.01440742734723657
0.060311813653777996,0.006991225510339762,0.0895311714132993,0.020394433092603224
0.05975803073756404,0.009609887957058458,0.06745444112401588,0.03282559956594634
0.04441163216786537,0.019190965619607432,0.22233331775974646,0.015920602945000223
0.11501269889797655,0.01431709899118851,0.2059327019451354,0.014207365110273113
0.07671397326313752,0.015324938427338189,0.17707398615317932,0.028138870108307595
0.10454907461256834,0.009485346313009669,0.10092137878970651,0.028062894157004484
0.11280033050247988,0.012456173590854436,0.14775740430372597,0.019678332378240182
0.03384838313062821,0.001012719007727219,0.19742070765614594,0.0022586949360580187
0.04507899484088907,0.014354928584210523,0.20170632703103086,0.02189923274113225
0.08159901228762594,0.017765552827701783,0.18279161275882339,0.03686294067079833
0.1224987133952308,0.009822641797959174,0.12287999962548707,0.02453706090360883
0.0681375137693551,0.003500915985423468,0.23239626626317994,0.009306227089823167
0.046362451018233004,0.01985898784722664,0.2079484199381577,0.023409922669419245
0.09178023988478412,0.007814935021872905,0.14156100099599578,0.0038718159191373446
0.083154129289259,0.005661108221784816,0.08336841276145249,0.02436536994446186
0.1258727500611713,0.019248242049109042,0.12349210311086077,0.0013496272816017536
0.08201570888183539,0.0019499195098058501,0.19359317981127527,0.023230722676567794
0.08503142963805466,0.01261034213134559,0.1398863512362078,0.01644165130607005
0.08425211087795156,0.010585213020686102,0.19519846689628767,0.039724975144460134
0.08891653831867076,0.009979485511346902,0.1889419517139223,0.020575187126960433
0.11611747573581006,0.015546055953394197,0.19149309277783688,0.018026619125011117
0.06259837137284031,0.00924447408470682,0.14392476663393905,0.032756901673103224
0.04351352093267778,0.011009120333367137,0.23813654711433396,0.01515208062388691
0.04826751889319194,0.01574130797408058,0.17191973432345709,0.030669884233182048
0.06286710326242353,0.006544492198227763,0.07802671676647346,0.02111669087372909
0.1307521520092496,0.015092448025953588,0.19584121429741774,0.021036135156782515
0.12830229911402227,0.006897636168436869,0.12411316308395588,0.018146126925616755
0.05689786034742629,0.005151243677415421,0.12652343679096506,0.02485066963847291
0.10777293043959561,0.009922965915873723,0.1343964988912955,0.025595661967722876
0.03351995793016091,0.005413703166560082,0.22518062658337812,0.004162530736847538
0.051836429368931736,0.009872672029771178,0.18811301474530068,0.01356274597734283
0.11911907163165007,0.007555786497751147,0.17048590124421636,0.003802370748932654
0.08110153624949461,0.013896341552952982,0.11286086187296084,0.027337730405445713
0.08359535162209905,0.014986157792721846,0.06542109270033443,0.02709355600485338
0.05094813786365032,0.002999518864154356,0.0517174242210484,0.03878376279973277
0.09307669316358044,0.019508525622738464,0.2472935930294729,0.006119927647220123
0.10912873833894189,0.011405756874777882,0.18057353494095651,0.016991442056939105
0.04709239639060915,0.005883136426346758,0.10586147946193336,0.012337289714153186
0.09441743699958845,0.015165244185867188,0.0842514477379874,0.0035390728959385207
0.07937220400311104,0.005017153702611986,0.06490641476424515,0.026726671509973442
0.11952078688690881,0.018952412939573903,0.21947048983327672,0.013162880002885555
0.09046649903008726,0.0034089369048773193,0.24414123209855737,0.02408265659884776
0.12067355789209563,0.007511910184483821,0.16242716475140856,0.008065003854976882
0.024715519590723243,0.007936006145587326,0.20648799602379148,0.034860223530192275
0.13460220815702081,0.019226090990597265,0.053465760650839224,0.0035014388826489743
0.12681742380325864,0.007245383511227749,0.210687878219061,0.03378480662176561
0.08629593869004802,0.01492402317694716,0.24759370336048592,0.032078121478827985
0.12968132871869809,0.001276537421728947,0.20843302669057712,0.03601670969778471
0.12656338369102596,0.0030993094746903193,0.12751079869361948,0.015045040486226562
0.12372776627243051,0.002892227289195332,0.20693408398694418,0.031125958029573395
0.03701608754427535,0.009102962821294875,0.2094135349026744,0.010234332809051332
0.07503028782704961,0.007782354578668305,0.07229976626821813,0.024635532969609464
0.09279212964051158,0.014147487629420311,0.07343728527648337,0.03750026467191768
0.11408492904843076,0.006149935122945115,0.1541461574329649,0.005702044690688043
0.0262000822325277,0.017317023967705854,0.24310620148006196,0.004228284433219842
0.022314320016817515,0.0064048758213362394,0.10890739318067166,0.032680094576018795
0.10672630462993137,0.01232918608662011,0.21450737097316913,0.0354184715174647
0.0729954807414663,0.019687265691007188,0.055814424493759916,0.025257101539131185
0.028382730578483367,0.010302339315436504,0.21038441676595532,0.021335919824804442
0.134055763349215,0.018606337704858956,0.2484671231978094,0.025393259713091202
0.06716550323977476,0.005047138477390434,0.17283177498884605,0.020263171335950535
0.0775021486511563,0.00332153615476111,0.13067519787202292,0.015306762947556323
0.10848044277728247,0.014673000833909218,0.057692134598860675,0.03699008151780571
0.07902809634408699,0.013607381239374407,0.0910122952614191,0.023446460404949535
0.10261862892505651,0.0036162891855543375,0.2264774066869189,0.036622303001780765
0.025260531768249418,0.011224594162960393,0.057166844543935606,0.010103040783353532
0.12271618263909269,0.0017153514856196761,0.13322948119697847,0.01730233602892587
0.11110557139750205,0.005281155030527518,0.08795258204862183,0.024463512690027542
0.06875719884557882,0.00929714269184087,0.24224933921750108,0.022567606098102426
0.09629784518179077,0.0029687109973045066,0.1337694290970199,0.005615497213063586
0.13755167749566077,0.005819385382826966,0.14214757387017707,0.02353784161017507
0.05594501200601329,0.016865042885678007,0.16023782279675494,0.025900492872563907
0.12472805535242425,0.016172459450791234,0.13600914683588658,0.021821206971444983
0.02404841274690643,0.0024258670220997504,0.09375618454312953,0.03411621678132178
0.055325550990539776,0.019607919283406963,0.14459895921096605,0.006391361534768601
0.08804808806139668,0.0011546521742688096,0.2098550991381425,0.029181084064938835
0.08365922076028975,0.0048868040484640884,0.15558287458353248,0.035723619772804235
0.13797855479529267,0.010152131397077862,0.08682289494639223,0.0339098409514444
0.13898908976288726,0.011358532640926993,0.2226945304708003,0.037641786804777005
0.10137112961351265,0.008336397939761014,0.11866265007047416,0.02201776463209014
0.06340123620642285,0.016442563838768944,0.07799035817092292,0.007954601940838087
0.07878338994083475,0.012497059628188194,0.18539362856502856,0.03458466356593838
0.07988609695885865,0.012982479798398602,0.13858364728048006,0.034775624101548906
0.05241374680233346,0.007056906707406245,0.08095146029869535,0.005996458273183515
0.03459931778684741,0.01718858701127443,0.22324896549448675,0.007041423056031963
0.09921992630280967,0.009698910092426804,0.19832738231904617,0.016638746710387873
0.08235132998894215,0.0067543736413058445,0.12557411062338272,0.03251858337671327
0.09915007116978235,0.017957361272765298,0.13694937932926254,0.03507596134859353
0.06906823368902985,0.008299100761606778,0.16616246247665914,0.03939148172349065
0.11084669557983948,0.01886856744485213,0.08463413842746986,0.02241668828433448
0.03825885898760514,0.014760371568505265,0.17559500266424344,0.038887888843837176
0.12412463266107242,0.0020895853657817206,0.16405751377809097,0.008413484166223367
0.08817186508073056,0.019621283737045254,0.1095595250782958,0.0329732415409962
0.11756322544117978,0.01370964924297403,0.09177028425745652,0.031446014830339354
0.07190088250601878,0.017829831189332745,0.23024180139085781,0.033219669613716626
0.06159685603780425,0.014407476047065222,0.17503190940876878,0.02474659700022755
0.07605191830109774,0.0015953975383955579,0.1441821077334075,0.019595141485850443
0.08713858595579549,0.01934696204979782,0.23875159216643493,0.004603872806380584
0.11166536055988069,0.005761417953424662,0.10472179913430195,0.018508418786850674
0.0970255757251137,0.015660281884833722,0.08027597230780126,0.030396938355908322
0.07255691373005484,0.011858401487828147,0.06843796415786638,0.02843480020176975
0.09376302752304104,0.0024167720572118257,0.1393174948599024,0.012488743644855225
0.053399276423872793,0.017679938072249463,0.15545864334160467,0.007871699384604388
0.034179728425223634,0.007105561224878825,0.0945088193696572,0.03010843274675502
0.023680429815871262,0.012093106195788586,0.05350303140445006,0.014574445412073134
0.1325673183148604,0.01906212732136269,0.1192226054893557,0.02274318007055049
0.059362131238763896,0.004382200325833981,0.12060106990823771,0.035612609029922415
0.07157146745960147,0.010464586031822837,0.12020395874702507,0.0352154412706229
0.08745408036090926,0.013784730424873395,0.09792914853616026,0.016940190333913384
0.13115908778285795,0.0042735569735770935,0.1673757630172335,0.029379140106503002
0.04933272276479246,0.006716850552586381,0.14285840041543924,0.011334858175051452
0.04167109819384813,0.017104951010506114,0.15223893959726087,0.0073029549171694606
0.07944583583881991,0.018166051249667876,0.1251847621801051,0.022974972611439496
0.07412759634891075,0.005720548641718802,0.09804756640144727,0.020070183879189008
0.11743554187680715,0.012844766211467986,0.06853033307956485,0.019732037958711566
0.0590980212757829,0.016149506382490002,0.07074908305690546,0.005020141002473168
0.09614933381091405,0.001988371075480464,0.18003319117320543,0.023069993397627633
0.11535183839504023,0.010176893091107017,0.06255497133520367,0.026627897527157652
0.046532756136606276,0.015410107977092385,0.2460470242684033,0.006575239078237084
0.03322830902045635,0.0018785611949477684,0.11509570877600778,0.010034656359921922
0.03922523190685496,0.014598063021643584,0.22492642062126295,0.0386528673367869
0.02050957424602178,0.009552684447849673,0.14333743998229875,0.010788642746291436
0.12457778331034995,0.009970647237397795,0.21364746120508155,0.03806667250466634
0.11572530702277632,0.004920808686923872,0.052255252814034175,0.0019508860944424196
0.05021354795105252,0.015589352265226192,0.17088387012085995,0.025147170720879533
0.05699833430333412,0.019841315359582133,0.05690032154349153,0.01917962781053338
0.0649794914302911,0.01674019777384005,0.15828395288041908,0.02977692937379442
0.0373604188774793,0.017265323168758773,0.10130816372982676,0.016784791456739886
0.067530330428049,0.014249335119069704,0.1409050656623213,0.02916052962471887
0.07059890915224988,0.015446687026613299,0.21569772724095848,0.02571803081992686
0.04528467339338339,0.015237456738553024,0.07511052464528997,0.0198669750444262
0.04214923475634763,0.006795883263986386,0.11790681412629078,0.03731577110126028
0.08247325927242388,0.010542178077963246,0.20877940559219293,0.03306607268727728
0.07314844157279617,0.002563101981210211,0.17456861679073227,0.011169567177861876
0.09322563582040365,0.0016891316100493495,0.11632745708790723,0.026921686850840888
0.1367235550413825,0.013165623736724818,0.09864763122852986,0.03217939611323346
0.020161151449172816,0.016674344177159253,0.08104380292642649,0.023662407420646247
0.09569710098530665,0.012745262998450677,0.1195623252107475,0.019962625700761398
0.1002149058329331,0.002940981206830392,0.2295672369030065,0.028238224520315568
0.13398637218233617,0.013732362681858443,0.1485706848119759,0.012291121697455526
0.02860140339551718,0.01759311003627991,0.15365450641394168,0.00874410629610001
0.10186964349754517,0.012002274765834615,0.1238592094481793,0.004787714166019972
0.10579198468038052,0.01636266441466098,0.23972299381174617,0.028702575551281615
0.10725542606791671,0.002802170039422119,0.09668668571554775,0.017543855110796532
0.020637123529601304,0.005610787207798103,0.18319134157798006,0.01192242159568023
0.05741262992917577,0.01911984421013988,0.06368784497275445,0.026125801986578243
0.030401351771875963,0.017511846563336177,0.08575989724063995,0.010284421158836671
0.02353850716918012,0.016848529852922706,0.21515157633488496,0.009586188727655272
0.10625182709847421,0.00875734599649575,0.18390926851603656,0.03309139984871329
0.10750818368274151,0.006205693917087789,0.07487679022120766,0.0024216729449916515
0.031789129141150854,0.0025164450455455473,0.10652493257977956,0.025783201984223836
0.05068228170567811,0.018447024338231425,0.14905693042997498,0.0021242821921365384
0.09749041256663755,0.005272876696707271,0.11005691880326328,0.03768579603609226
0.11263332072495802,0.011938406818354456,0.10827344615847509,0.03926824920653865
0.039184065449105104,0.019928794175787967,0.06150936778377844,0.03745087268223009
0.035152881761788546,0.0023431509803461077,0.17930218933146108,0.0359990625212733
0.11961481238791703,0.014494372787154031,0.06555929607774266,0.010958597356887197
0.1280203856694243,0.004473720382846137,0.05095641235471754,0.009814338935217451
0.07011955008585645,0.01113107550986328,0.22035389562180246,0.03844372291486806
0.10815955750404631,0.008168366690574497,0.079156826450958,0.00818191559576963
0.02793105034718548,0.007643430874766048,0.23565916601352654,0.024969557176242534
0.026791182644882974,0.010245267063288887,0.11453409890669536,0.031152291163166156
0.08035382916021258,0.01457180102647428,0.23138196431930885,0.014307734393310043
0.09243095692781794,0.005101072539518158,0.211800890701749,0.0024657116524709633
0.030034063924829078,0.01584229284872498,0.06689388830148443,0.022225445245468864
0.11842476175613437,0.012672373709711079,0.08292097580055668,0.015404151077455477
0.04760022111741207,0.002829779784934524,0.20082930628497186,0.029613254618602553
0.022070067050810598,0.018566000833161046,0.15879210606175942,0.01579153511513999
0.10491698367219977,0.015689581053822572,0.2286317876635544,0.03709962803832745
0.06518913727140825,0.011172805124812234,0.07730861203944256,0.021618530152123346
0.06966178014643884,0.0015556641002354747,0.11710324156347954,0.01470785219760878
0.13622316171119195,0.00542711840453342,0.06955682849212068,0.03724790168736057
0.10480865905258903,0.011101744246587945,0.16669140113512065,0.0033428641977589165
0.09136254364020416,0.012689014914465242,0.19225531957755826,0.00906317813593446
0.04097579807234299,0.00629861413157777,0.23468829592734103,0.01880483801487639
0.13314038575197246,0.015383298095200386,0.21979131042618644,0.017402251936975116
0.03635937904813917,0.01630862399311083,0.15157031034639595,0.001161772903320697
0.0801995991352212,0.009034214788049614,0.07950597041990068,0.017188068007305227
0.08755219842667285,0.013577427094103204,0.1354859294645434,0.010939502761090708
0.10067403241939574,0.011046114202776264,0.1077652364731981,0.018436205152895818
0.12121879624385136,0.010830244702071279,0.11389509603443568,0.028966294399698826
0.12555170049079603,0.01660865208919931,0.14554059633535457,0.010705531334436465
0.06686851503365764,0.018982611158818503,0.06339040679298516,0.012984796472251172
0.051517817806001856,0.016970324518833544,0.06439652461289193,0.02229542899558917
0.0441010274082683,0.007677627236852011,0.12109541583510051,0.018653260619006982
0.06778334337900561,0.009399919121715814,0.24483352127332375,0.03629524575167655
0.13765845500787796,0.006632510150149143,0.10304158039875594,0.0017075692942625106
0.12998670178673144,0.011895044612937052,0.08187303798025648,0.00550527877901688
0.10895983834692798,0.004223169322918155,0.051092250861386974,0.03648395980631712
0.0856039422453466,0.0014210781603227508,0.07285766369255252,0.01502602404999
0.12156860495512885,0.014442885119930561,0.16383817742738885,0.027666947901230015
0.08968564104360222,0.01904379035084772,0.24121913119382354,0.02385137981835165
0.08523920680892243,0.003979473929454169,0.07614839106485709,0.007773146323543554
0.0642798244762125,0.004742693190988198,0.15491727160067062,0.0022949172471256156
0.027328901834288037,0.018126935353421823,0.08392468508921566,0.017664900590226528
0.10226899478352144,0.002025938372917144,0.2405890909977249,0.011377470314612871
0.11897168321621401,0.00792097707728772,0.21107248326674433,0.027758458919529806
0.09109990184992114,0.014846492357897038,0.21424504906118264,0.027534659989293706
0.13365193624954994,0.012419486365128612,0.05490644735500713,0.01937051135191075
0.1273336565030515,0.012915933292259148,0.09718516094337958,0.01825381973252451
0.11455409904562612,0.016398933537955438,0.05919756294547993,0.03102426551959439
0.13183653896592115,0.003190069089547259,0.18221416554587816,0.02636626295319233
0.053095727732357254,0.01426631884345735,0.12745627052050557,0.006200486306761444
0.050317370764603964,0.005576939532164106,0.1481378000792994,0.011795887175831462
0.09163582665882006,0.008540089819058677,0.18958747663649028,0.01833374212876985
0.10381069478466855,0.00857412529380885,0.14715556462397703,0.015432000859605506
0.056053713094863386,0.013672730253563185,0.1867646161006397,0.008839246889735312
0.06942304941435883,0.0091619808462669,0.20106283813972298,0.03970474413763611
0.04900368822692132,0.013083681307247724,0.17882150970264055,0.034682858210147036
0.029051096469532994,0.014046634039690788,0.19347634980825051,0.010461670531700266
0.05484498328726155,0.01626133475556714,0.20350868921101845,0.037897037274748836
0.11310451558656252,0.008653433160586747,0.07354111486218308,0.0089283700455444
0.07106178114244936,0.016949892748609655,0.18196932183505077,0.030218580317432076
0.10294572636057091,0.006877659822011411,0.18949987108735877,0.009097179276260376
0.04678179032934618,0.011660710958016473,0.12948507089553926,0.01391552107884762
0.12193873475031101,0.0013634573734744688,0.09935951964869508,0.004325122293813566
0.10088175904701183,0.0012095914235965945,0.12823673056587104,0.021199308518450487
0.07545108165197409,0.01008893987586455,0.19485853597334757,0.036174463182576486
0.13019912996696326,0.010348670289128455,0.23642789347473026,0.026247307759288102
0.13863985066407922,0.009521858890139095,0.05872912433329309,0.009457484332665963
0.031334710080595726,0.008931310113851312,0.22806443010503924,0.001977492950564368
0.061821976702375506,0.017015300887461976,0.06084093092634575,0.019074498374112164
0.13501005417839687,0.018487839893984993,0.22363271952098746,0.012148743959395435
0.061217276727696335,0.017870065394335177,0.23309508968559567,0.016852895977660702
0.13720079983984565,0.01830742666647943,0.0998179507915521,0.03128963293864457
0.05147924315858425,0.010974305678529684,0.17795483025659298,0.0032857780218044524
0.04281585938983881,0.009201149307143913,0.09525936533221849,0.016098943958973596
0.12622583122130612,0.0129506530214114,0.07170274870831897,0.018955730626138922
0.08938964517879401,0.0038978608696845106,0.05816270491638623,0.026811038076084336
0.0739039368166065,0.004978853206927342,0.20490651411336708,0.033311776710853704
0.06999986675678226,0.0038731553718417758,0.24917966533981428,0.034446322611098916
0.06386492118790807,0.012039170290134793,0.24262389089342495,0.013425798321337671
0.0866237032579947,0.01800019562639262,0.1598062263138364,0.026488111079026107
0.02700899262869074,0.018360602085092367,0.17682363604178192,0.03692762693065536
0.0763864220591222,0.014709253595365564,0.1070031173131128,0.031529072694198475
0.13045677978824077,0.013447986434566343,0.19790035074377627,0.018641215950898994
0.0637872751451171,0.0031588667948239343,0.21803491912870654,0.028798083561584826
0.025534935662993054,0.012297134137888691,0.1991367665619927,0.007615822425274601
0.027731192789323244,0.002604803202688843,0.11123817359487871,0.01771322012546575
0.09727986713419964,0.01873454381467678,0.2004181270860213,0.0028440749906181446
0.12344102051443882,0.0034292878996131236,0.2165826224875787,0.011717625474803938
0.11124484809371477,0.001787655881656389,0.09422878538810796,0.00539885791019098
0.13205271641956717,0.006033461856867257,0.23391589636315074,0.03783104471495381
0.04328266069963406,0.013360657961841708,0.10297374729994596,0.028325482208785772
